window_id,train_start,train_end,val_start,val_end,test_start,test_end,test_year,LinearRegression_r2,LinearRegression_rmse,LinearRegression_mae,LinearRegression_train_size,LinearRegression_test_size,RandomForest_r2,RandomForest_rmse,RandomForest_mae,RandomForest_train_size,RandomForest_test_size,XGBoost_r2,XGBoost_rmse,XGBoost_mae,XGBoost_train_size,XGBoost_test_size,Baseline_r2,Baseline_rmse,Baseline_mae,Baseline_train_size,Baseline_test_size
1,2005-01,2009-12,2010-01,2010-06,2010-07,2010-12,2010,-0.12275306623346371,0.2224853899111055,0.1728242067616831,4738,368,-0.10376967779112478,0.22059649199548875,0.18475895926552138,4738,368,-0.1612989085192127,0.22627229469924423,0.19239286868108785,4738,368,-0.20749560558250124,0.22770173356164097,0.17988921260740176,0,324
2,2005-07,2010-06,2010-07,2010-12,2011-01,2011-06,2011,-0.020654992212407297,0.23647281076787804,0.1843432722984177,4861,397,0.15543155672452325,0.21510928493594292,0.17373094399387984,4861,397,0.13712013738295525,0.21742871458249063,0.17657709522970944,4861,397,-0.0780902346421466,0.24414249248809747,0.1924220402523014,0,348
3,2006-01,2010-12,2011-01,2011-06,2011-07,2011-12,2011,-0.02951163426039005,0.23055674779599533,0.18427392753679306,4982,396,0.12647080124855992,0.21237379180266366,0.17426731240385035,4982,396,0.058373802200694436,0.2204963853836702,0.18123285423603605,4982,396,-0.24833478246642704,0.2497554679475459,0.1961252326845319,0,346
4,2006-07,2011-06,2011-07,2011-12,2012-01,2012-06,2012,-0.031607884460303604,0.238725876519931,0.18556345946827896,5087,428,0.12024968725977192,0.22045598068718564,0.18062901026837444,5087,428,0.09561970018961474,0.22352068359499805,0.1824374853930574,5087,428,-0.12478543466322334,0.2509859168675222,0.20271418232419047,0,378
5,2007-01,2011-12,2012-01,2012-06,2012-07,2012-12,2012,-0.062431630730161114,0.253573575241738,0.2026185454643863,5182,406,0.15586268654196556,0.22602685745026882,0.1824874690798493,5182,406,0.12991116864417196,0.22947495584596564,0.1874041497957504,5182,406,-0.08177920228891367,0.2591022700062456,0.20338289547004654,0,346
6,2007-07,2012-06,2012-07,2012-12,2013-01,2013-06,2013,0.06788724070503405,0.22167827016730637,0.18296280556295955,3698,477,0.09044796212438821,0.21897910328813158,0.18179108808218616,3698,477,0.04572502731371908,0.22429813595492243,0.1846557733832227,3698,477,-0.242846716699062,0.24944862233689408,0.2019128301651499,0,416
7,2008-01,2012-12,2013-01,2013-06,2013-07,2013-12,2013,0.14910634466456307,0.23274885766411638,0.18536662094686354,3739,457,0.24981831325149195,0.21854110994496728,0.1774607427710544,3739,457,0.21789146449966035,0.2231430825523145,0.18052577912674037,3739,457,-0.19081143564873693,0.27835457391129265,0.2147706257261688,0,415
8,2008-07,2013-06,2013-07,2013-12,2014-01,2014-06,2014,0.15833363776388,0.2007888499817207,0.16263837565650852,3857,493,0.19843768163654318,0.19594683515440603,0.15899904226722533,3857,493,0.10933439366827191,0.20655083168118268,0.16807194310167775,3857,493,-0.21644555888568306,0.23674432369326892,0.18904381096642103,0,450
9,2009-01,2013-12,2014-01,2014-06,2014-07,2014-12,2014,0.2088167625044116,0.21355093245850623,0.1718571783998213,4011,520,0.2877902127603754,0.2026128111031168,0.1643761049332685,4011,520,0.2751742121515588,0.20439946347903845,0.166235277124328,4011,520,-0.12674905473685594,0.25361990543021096,0.19997441427788398,0,468
10,2009-07,2014-06,2014-07,2014-12,2015-01,2015-06,2015,0.18733206379077794,0.2156325435879676,0.17550992621269174,4147,570,0.2273624640809092,0.21025466713260907,0.1715424760739871,4147,570,0.19844319950570777,0.21415336105176355,0.17441483466288477,4147,570,-0.08291765352339864,0.24777790058731747,0.1956209100487724,0,533
11,2010-01,2014-12,2015-01,2015-06,2015-07,2015-12,2015,0.1342223653496898,0.2228885195706189,0.178916073840956,4365,566,0.16009944063593318,0.21953231320254074,0.1777349552430527,4365,566,0.11463153391926062,0.22539617575844076,0.18216599135333214,4365,566,-0.20172060059825347,0.263248423605472,0.20637026522395913,0,527
12,2010-07,2015-06,2015-07,2015-12,2016-01,2016-06,2016,0.20016929291164953,0.2193413590645084,0.17416554657005173,4578,592,0.16887861216690014,0.22359069327231185,0.17938755014247637,4578,592,0.1324665536763856,0.22843603158900042,0.18319566478989424,4578,592,-0.19852249077520812,0.26643735423145803,0.2138719330016891,0,551
13,2011-01,2015-12,2016-01,2016-06,2016-07,2016-12,2016,0.21356011500854188,0.22952262866197673,0.19215833087701492,4781,609,0.21990920767112276,0.22859425918982895,0.1920986909830395,4781,609,0.16972086801314035,0.23583312451504063,0.19614679863210532,4781,609,-0.11667874069272122,0.2746865271426153,0.22440158714619682,0,560
14,2011-07,2016-06,2016-07,2016-12,2017-01,2017-06,2017,0.19374827970829045,0.2387477155433817,0.19659516051235165,4973,637,0.2061304394527611,0.236907316060335,0.19680600274207374,4973,637,0.178383614845406,0.24101187610200114,0.2006390435200143,4973,637,-0.06859239787710014,0.2713042547884635,0.2194239983508951,0,589
15,2012-01,2016-12,2017-01,2017-06,2017-07,2017-12,2017,0.13858619526906113,0.23187550049760317,0.19155398492758538,5195,644,0.17032964796085004,0.22756304490743887,0.18668459998203848,5195,644,0.13881483940438855,0.231844725223542,0.18811293667338574,5195,644,-0.105529800409631,0.2614221343658368,0.20739832579043613,0,582
16,2012-07,2017-06,2017-07,2017-12,2018-01,2018-06,2018,0.13572804142100137,0.21113232915412328,0.17216312856088312,5403,672,0.1535352432142909,0.2089459549034847,0.16913409870164806,5403,672,0.1512638579651625,0.20922610762207663,0.1703948339273731,5403,672,-0.20280359827518124,0.24977111117951753,0.1989629842695657,0,622
17,2013-01,2017-12,2018-01,2018-06,2018-07,2018-12,2018,-0.01582858277917243,0.22054722496150167,0.18067381015517509,5646,678,0.047250139168096505,0.21358995800055558,0.17488181689236032,5646,678,0.013575193894736604,0.21733184951704015,0.179032415102167,5646,678,-0.2552737072946494,0.24676315695509946,0.19696120569309478,0,632
18,2013-07,2018-06,2018-07,2018-12,2019-01,2019-06,2019,0.1661346194343324,0.21931465843859815,0.17762534770186122,5847,671,0.1410644575981027,0.22258709165196003,0.17892356274620855,5847,671,0.10643896443030998,0.22702924210384728,0.18219395979440606,5847,671,-0.1623595793170367,0.2560334680845367,0.20428235043758508,0,638
19,2014-01,2018-12,2019-01,2019-06,2019-07,2019-12,2019,0.1609208783650563,0.21530289140139966,0.17445652885522364,6077,681,0.17911952661731545,0.21295525786653105,0.17436111276333827,6077,681,0.14559447344176424,0.21726032715604446,0.17829528844510337,6077,681,-0.12182597972714948,0.24314164175043773,0.19296284941488062,0,637
20,2014-07,2019-06,2019-07,2019-12,2020-01,2020-06,2020,0.27565408514264766,0.25442568580617136,0.19600830409955453,6262,723,0.33794782990826866,0.24323947254121883,0.1904113709905991,6262,723,0.33774914741865725,0.24327596800254853,0.18995704775486366,6262,723,0.10588300150965257,0.2831376386684857,0.22443266720659347,0,680
21,2015-01,2019-12,2020-01,2020-06,2020-07,2020-12,2020,0.19289108508142838,0.20412937151545565,0.16348789166143501,6433,685,0.2013034343632749,0.2030627833839305,0.16579121261476307,6433,685,0.18648906076079064,0.2049373541329509,0.16526751218768151,6433,685,-0.2273816556296,0.25063934719930125,0.20066323320116675,0,631
22,2015-07,2020-06,2020-07,2020-12,2021-01,2021-06,2021,0.09742019064713914,0.20413144598488533,0.16472293146176079,6594,620,0.16594570540603348,0.19622948602434365,0.16015421865837123,6594,620,0.15128905986017938,0.1979461253010555,0.16121564570701744,6594,620,-0.09691680399555658,0.22385027764331655,0.1776785643111217,0,575
23,2016-01,2020-12,2021-01,2021-06,2021-07,2021-12,2021,0.11394384735502638,0.2245837829668758,0.17814145876566048,6717,678,0.17298916019449395,0.21697183958945235,0.17459293664420106,6717,678,0.11735618332627928,0.22415091278106442,0.1783305176974145,6717,678,-0.20085358697593558,0.26061261205153163,0.20931715366250073,0,639
24,2016-07,2021-06,2021-07,2021-12,2022-01,2022-06,2022,0.13679026691210483,0.20253257697171664,0.16306084607547797,6751,692,0.058410387330738445,0.21152784929319696,0.17046113230552143,6751,692,-0.004620715388287344,0.21849313136178933,0.17496805595243428,6751,692,-0.1647337072843662,0.2367062454019311,0.19024843500980826,0,660
25,2017-01,2021-12,2022-01,2022-06,2022-07,2022-12,2022,0.1020263046964357,0.2126917406479795,0.16554434621888067,6828,731,0.15683910133852508,0.20609812799663557,0.16261349673768882,6828,731,0.13681536021140195,0.20853102110174612,0.1642875587553413,6828,731,-0.19171549558783973,0.24334587745186334,0.18838554326681872,0,683
