algorithm,window_id,train_start,train_end,val_start,val_end,test_start,test_end,train_obs,val_obs,test_obs,features_used,val_r2,val_rmse,val_mae,test_r2,test_rmse,test_mae
Linear_Regression,1,2005-01,2009-12,2010-01,2010-06,2010-07,2010-12,4120,453,482,"['ievr', 'normative_iv_rv_ratio', 'SKEW', 'KURT', 'IV_RATIO', 'SMIRK', 'vol_hl7', 'vol_hl10', 'vol_hl21']",0.08517117785954464,0.19909870683514308,0.16491422007320847,-0.14094395743030574,0.22295615049349005,0.1880605338144513
Linear_Regression,2,2005-07,2010-06,2010-07,2010-12,2011-01,2011-06,4197,482,520,"['ievr', 'normative_iv_rv_ratio', 'SKEW', 'KURT', 'IV_RATIO', 'SMIRK', 'vol_hl7', 'vol_hl10', 'vol_hl21']",-0.12392038513398873,0.22128657918613376,0.18653349310769798,0.11206737317171445,0.21166974793949517,0.17115792023696522
Linear_Regression,3,2006-01,2010-12,2011-01,2011-06,2011-07,2011-12,4335,520,512,"['ievr', 'normative_iv_rv_ratio', 'SKEW', 'KURT', 'IV_RATIO', 'SMIRK', 'vol_hl7', 'vol_hl10', 'vol_hl21']",0.11188884901610041,0.21169102560329828,0.1711922527557487,0.08079516812626597,0.2136735496597468,0.17514218979833143
Linear_Regression,4,2006-07,2011-06,2011-07,2011-12,2012-01,2012-06,4450,512,550,"['ievr', 'normative_iv_rv_ratio', 'SKEW', 'KURT', 'IV_RATIO', 'SMIRK', 'vol_hl7', 'vol_hl10', 'vol_hl21']",0.07838627020690381,0.21395334637697283,0.17484548959871715,0.11411722304326777,0.22202732231364303,0.18284690630702422
Linear_Regression,5,2007-01,2011-12,2012-01,2012-06,2012-07,2012-12,4613,550,515,"['ievr', 'normative_iv_rv_ratio', 'SKEW', 'KURT', 'IV_RATIO', 'SMIRK', 'vol_hl7', 'vol_hl10', 'vol_hl21']",0.11001147433814196,0.22254123602438586,0.18323744390458596,0.10294415926532996,0.2236847867080929,0.18353282272612328
Linear_Regression,6,2007-07,2012-06,2012-07,2012-12,2013-01,2013-06,4726,515,582,"['ievr', 'normative_iv_rv_ratio', 'SKEW', 'KURT', 'IV_RATIO', 'SMIRK', 'vol_hl7', 'vol_hl10', 'vol_hl21']",0.10471549786263112,0.22346383207642023,0.1830679684300928,0.11538586277396001,0.21718693103160605,0.1801176579602786
Linear_Regression,7,2008-01,2012-12,2013-01,2013-06,2013-07,2013-12,4828,582,573,"['ievr', 'normative_iv_rv_ratio', 'SKEW', 'KURT', 'IV_RATIO', 'SMIRK', 'vol_hl7', 'vol_hl10', 'vol_hl21']",0.11483809154260394,0.21725416392805572,0.1800851800563366,0.1347226904496085,0.2219738750162885,0.1806778251129615
Linear_Regression,8,2008-07,2013-06,2013-07,2013-12,2014-01,2014-06,4941,573,598,"['ievr', 'normative_iv_rv_ratio', 'SKEW', 'KURT', 'IV_RATIO', 'SMIRK', 'vol_hl7', 'vol_hl10', 'vol_hl21']",0.1333465632592491,0.22215031725413528,0.18082671334477396,0.15986077158160494,0.20087976802754848,0.16442530875483985
Linear_Regression,9,2009-01,2013-12,2014-01,2014-06,2014-07,2014-12,5123,598,626,"['ievr', 'normative_iv_rv_ratio', 'SKEW', 'KURT', 'IV_RATIO', 'SMIRK', 'vol_hl7', 'vol_hl10', 'vol_hl21']",0.15686053571400538,0.20123813099711169,0.1643562992036933,0.14660986324049596,0.2063666780897532,0.16777692240443368
Linear_Regression,10,2009-07,2014-06,2014-07,2014-12,2015-01,2015-06,5262,626,688,"['ievr', 'normative_iv_rv_ratio', 'SKEW', 'KURT', 'IV_RATIO', 'SMIRK', 'vol_hl7', 'vol_hl10', 'vol_hl21']",0.15362478831932447,0.20551675379828993,0.16690708278597244,0.215679806924443,0.20774137316804872,0.17004019013270627
Linear_Regression,11,2010-01,2014-12,2015-01,2015-06,2015-07,2015-12,5495,688,672,"['ievr', 'normative_iv_rv_ratio', 'SKEW', 'KURT', 'IV_RATIO', 'SMIRK', 'vol_hl7', 'vol_hl10', 'vol_hl21']",0.20828312219237388,0.2087186472735854,0.17041885473633536,0.06509562489956477,0.21844920017238686,0.17741008822704016
Linear_Regression,12,2010-07,2015-06,2015-07,2015-12,2016-01,2016-06,5724,672,704,"['ievr', 'normative_iv_rv_ratio', 'SKEW', 'KURT', 'IV_RATIO', 'SMIRK', 'vol_hl7', 'vol_hl10', 'vol_hl21']",0.06194583868737158,0.21881687933220664,0.1776386218950262,0.20338650673545355,0.2165682635758462,0.1725011876327383
Linear_Regression,13,2011-01,2015-12,2016-01,2016-06,2016-07,2016-12,5918,704,712,"['ievr', 'normative_iv_rv_ratio', 'SKEW', 'KURT', 'IV_RATIO', 'SMIRK', 'vol_hl7', 'vol_hl10', 'vol_hl21']",0.2054920468546062,0.21628186692259538,0.17264462781946946,0.22924433113383547,0.22286935882753134,0.1863136971561631
Linear_Regression,14,2011-07,2016-06,2016-07,2016-12,2017-01,2017-06,6098,712,720,"['ievr', 'normative_iv_rv_ratio', 'SKEW', 'KURT', 'IV_RATIO', 'SMIRK', 'vol_hl7', 'vol_hl10', 'vol_hl21']",0.22807995925931235,0.22303763840727228,0.18624150034463718,0.1544378926533252,0.23738711912728278,0.19740419146803745
Linear_Regression,15,2012-01,2016-12,2017-01,2017-06,2017-07,2017-12,6308,720,739,"['ievr', 'normative_iv_rv_ratio', 'SKEW', 'KURT', 'IV_RATIO', 'SMIRK', 'vol_hl7', 'vol_hl10', 'vol_hl21']",0.15574955932508927,0.2372029259043968,0.1970650783640909,0.1405773665810751,0.22771247350539164,0.18713518822880368
Linear_Regression,16,2012-07,2017-06,2017-07,2017-12,2018-01,2018-06,6475,739,767,"['ievr', 'normative_iv_rv_ratio', 'SKEW', 'KURT', 'IV_RATIO', 'SMIRK', 'vol_hl7', 'vol_hl10', 'vol_hl21']",0.1401117191617578,0.22777415408183657,0.18695223636512737,0.15145231187059116,0.2098340594074772,0.1704179999113784
Linear_Regression,17,2013-01,2017-12,2018-01,2018-06,2018-07,2018-12,6704,767,778,"['ievr', 'normative_iv_rv_ratio', 'SKEW', 'KURT', 'IV_RATIO', 'SMIRK', 'vol_hl7', 'vol_hl10', 'vol_hl21']",0.15246784297276605,0.20970845844742542,0.1703004679481347,0.006329892076457622,0.21661141040093826,0.17845367824610323
Linear_Regression,18,2013-07,2018-06,2018-07,2018-12,2019-01,2019-06,6896,778,788,"['ievr', 'normative_iv_rv_ratio', 'SKEW', 'KURT', 'IV_RATIO', 'SMIRK', 'vol_hl7', 'vol_hl10', 'vol_hl21']",0.00837045624653876,0.2163888835098458,0.17812161282823757,0.15306745179830883,0.22228443292440342,0.17934179224533298
Linear_Regression,19,2014-01,2018-12,2019-01,2019-06,2019-07,2019-12,7112,788,801,"['ievr', 'normative_iv_rv_ratio', 'SKEW', 'KURT', 'IV_RATIO', 'SMIRK', 'vol_hl7', 'vol_hl10', 'vol_hl21']",0.14373782740783858,0.22350539809907033,0.18056864593209643,0.1425990204232629,0.21340562556198425,0.17403942505555803
Linear_Regression,20,2014-07,2019-06,2019-07,2019-12,2020-01,2020-06,7311,801,784,"['ievr', 'normative_iv_rv_ratio', 'SKEW', 'KURT', 'IV_RATIO', 'SMIRK', 'vol_hl7', 'vol_hl10', 'vol_hl21']",0.14135746190390341,0.21356008055505862,0.17420477828622627,0.3511205720420416,0.208450345321429,0.16537698361878328
Linear_Regression,21,2015-01,2019-12,2020-01,2020-06,2020-07,2020-12,7502,784,828,"['ievr', 'normative_iv_rv_ratio', 'SKEW', 'KURT', 'IV_RATIO', 'SMIRK', 'vol_hl7', 'vol_hl10', 'vol_hl21']",0.34377064609861985,0.20962759057283317,0.1659015156328027,0.17039944947678543,0.20705158440113725,0.17035451394629272
Linear_Regression,22,2015-07,2020-06,2020-07,2020-12,2021-01,2021-06,7616,828,792,"['ievr', 'normative_iv_rv_ratio', 'SKEW', 'KURT', 'IV_RATIO', 'SMIRK', 'vol_hl7', 'vol_hl10', 'vol_hl21']",0.14264036216708664,0.21048713628276125,0.17487715397709258,0.05689238953835807,0.2061207859240869,0.16609814323443647
Linear_Regression,23,2016-01,2020-12,2021-01,2021-06,2021-07,2021-12,7781,792,844,"['ievr', 'normative_iv_rv_ratio', 'SKEW', 'KURT', 'IV_RATIO', 'SMIRK', 'vol_hl7', 'vol_hl10', 'vol_hl21']",0.09227132019069739,0.20221771265124813,0.16371209096087028,0.12217810743568913,0.21813394572848085,0.17654299237169394
Linear_Regression,24,2016-07,2021-06,2021-07,2021-12,2022-01,2022-06,7882,844,837,"['ievr', 'normative_iv_rv_ratio', 'SKEW', 'KURT', 'IV_RATIO', 'SMIRK', 'vol_hl7', 'vol_hl10', 'vol_hl21']",0.12390659420298789,0.21791908014495726,0.17601400551735744,0.05096109430108353,0.2084379471422353,0.16730619008919853
Linear_Regression,25,2017-01,2021-12,2022-01,2022-06,2022-07,2022-12,8033,837,880,"['ievr', 'normative_iv_rv_ratio', 'SKEW', 'KURT', 'IV_RATIO', 'SMIRK', 'vol_hl7', 'vol_hl10', 'vol_hl21']",0.058205618260742664,0.20764086365630038,0.1667285323199059,0.1546831477965087,0.20444224699098368,0.16345485371771415
Linear_Regression,26,2017-07,2022-06,2022-07,2022-12,2023-01,2023-06,8167,880,867,"['ievr', 'normative_iv_rv_ratio', 'SKEW', 'KURT', 'IV_RATIO', 'SMIRK', 'vol_hl7', 'vol_hl10', 'vol_hl21']",0.15138420692857335,0.2048407875744301,0.1642628067548249,0.08274391176000329,0.20341078705107146,0.17120714698793416
